CHROM	POS	REF	ALT	TYPE	Het_Count	HomAlt_Count	Total_Carriers	Carrier_Samples
chr13	48303948	CGCCGCCGCT	C	INDEL	3	0	3	C008_S8
chr13   48303948        CGCCGCCGCT      C       INDEL   3       0       3       C013_S13
chr13   48303948        CGCCGCCGCT      C       INDEL   3       0       3       C042_S38
chr13	48304034	A	ACCTG	INDEL	1	0	1	C006_S6
chr13	48307342	C	CA	INDEL	1	0	1	C012_S12
chr13	48345107	AG	A	INDEL	1	0	1	C075_S70
chr13	48348956	GA	G	INDEL	1	0	1	C071_S66
chr13	48348988	TA	T	INDEL	1	0	1	C069_S64
chr13	48349013	AT	A	INDEL	1	0	1	C067_S62
chr13	48349020	A	T	SNP	1	0	1	C040_S36
chr13	48360132	GTATT	G	INDEL	1	0	1	C017_S16
chr13	48360162	A	T	SNP	2	0	2	C029_S25
chr13   48360162        A       T       SNP     2       0       2       C060_S56
chr13	48362840	T	G	SNP	0	0	0	
chr13	48362841	T	TATAA	INDEL	0	0	0	
chr13	48362844	C	G	SNP	0	0	0	
chr13	48362852	AC	A	INDEL	2	0	2	C023_S21
chr13   48362852        AC      A       INDEL   2       0       2       C022_S20
chr13	48367512	C	T	SNP	1	0	1	C026_S22
chr13	48367517	C	G	SNP	1	0	1	C017_S16
chr13	48367518	G	T	SNP	1	0	1	C054_S50
chr13	48367559	AT	A	INDEL	1	0	1	C051_S47
chr13	48367599	GACAGGTATTGC	G	INDEL	1	0	1	C051_S47
chr13	48368530	TG	T	INDEL	1	0	1	C014_S14
chr13	48368549	C	T	SNP	3	0	3	C074_S69
chr13   48368549        C       T       SNP     3       0       3       C062_S58
chr13   48368549        C       T       SNP     3       0       3       C008_S8
chr13	48373406	A	T	SNP	1	0	1	C029_S25
chr13	48379594	C	T	SNP	2	0	2	C061_S57
chr13   48379594        C       T       SNP     2       0       2       C007_S7
chr13	48379624	C	T	SNP	1	0	1	C038_S34
chr13	48380203	T	A	SNP	1	0	1	C027_S23
chr13	48380208	T	C	SNP	1	0	1	C013_S13
chr13	48380214	CTT	C	INDEL	1	0	1	C042_S38
chr13	48380216	TGAGGTTGTAATGGCCACATATAGCA	T,*	INDEL,OVERLAP	1	0	1	C045_S41
chr13	48381321	GC	G	INDEL	1	0	1	C059_S55
chr13	48381322	C	G,*	SNP,OVERLAP	1	0	1	C066_S61
chr13	48381380	A	G	SNP	1	0	1	C060_S56
chr13	48381413	T	TCGAATCATGGAATC	INDEL	1	0	1	C018_S17
chr13	48381414	C	T	SNP	1	0	1	C044_S40
chr13	48453032	C	T	SNP	1	0	1	C003_S3
chr13	48456251	G	A	SNP	1	0	1	C027_S23
chr13	48456296	TC	T	INDEL	1	0	1	C037_S33
chr13	48456343	A	T	SNP	1	0	1	C004_S4
chr13	48456349	G	C	SNP	1	0	1	C005_S5
chr13	48459708	C	T	SNP	4	0	4	C046_S42
chr13   48459708        C       T       SNP     4       0       4       C021_S19
chr13   48459708        C       T       SNP     4       0       4       C010_S10
chr13   48459708        C       T       SNP     4       0       4       C009_S9
chr13	48465338	CA	C	INDEL	1	0	1	C070_S65
chr13	48473390	GGTGA	G	INDEL	1	0	1	C050_S46
chr13	48476609	AT	A	INDEL	0	0	0	
